name,surname,score,working environment
Paige,Cunningham,77,healthcare
Kevin,West,73,healthcare
Brad,Walker,73,healthcare
Oliver,Owens,72,healthcare
Spike,West,71,healthcare
Abraham,Holmes,70,healthcare
Valeria,Richardson,69,healthcare
Emily,Foster,68,healthcare
Belinda,Farrell,68,healthcare
Andrew,Richards,67,healthcare
John,Bennett,66,healthcare
Melissa,Foster,65,healthcare
Dexter,Morris,65,healthcare
Melanie,Riley,65,healthcare
Justin,Rogers,65,healthcare
Jenna,Montgomery,65,healthcare
Elian,Miller,64,healthcare
Maximilian,Baker,64,healthcare
Alfred,Nelson,63,healthcare
Walter,Reed,63,healthcare
Rafael,Phillips,63,healthcare
Julia,Edwards,63,healthcare
Adrian,Rogers,63,healthcare
Lily,Tucker,63,healthcare
Lana,Armstrong,63,healthcare
Lydia,Fowler,62,healthcare
Jasmine,Cole,61,healthcare
Savana,Johnson,61,healthcare
Arianna,Morris,61,healthcare
Sophia,Casey,61,healthcare
Adam,Grant,61,healthcare
Ted,Chapman,61,healthcare
Catherine,Harrison,61,healthcare
Penelope,Owens,61,healthcare
Savana,Higgins,60,healthcare
Clark,Roberts,60,healthcare
Albert,Harper,60,healthcare
Darcy,Morris,60,healthcare
Ryan,Clark,60,healthcare
Sawyer,Miller,60,healthcare
Anna,Ferguson,59,healthcare
Steven,Jones,59,healthcare
Amelia,Murphy,59,healthcare
Aiden,Henderson,59,healthcare
Haris,Higgins,59,healthcare
Melanie,Anderson,59,healthcare
Honey,Montgomery,58,healthcare
Rebecca,Carroll,58,healthcare
Fiona,Robinson,58,healthcare
Paige,Douglas,58,healthcare
Aston,Allen,58,healthcare
Albert,Smith,58,healthcare
Charlotte,Farrell,58,healthcare
Ashton,Owens,58,healthcare
Aston,Roberts,58,healthcare
George,Carter,58,healthcare
Florrie,Russell,57,healthcare
Owen,Murray,57,healthcare
Sydney,Thompson,57,healthcare
Lyndon,Chapman,57,healthcare
Dale,Wells,57,healthcare
Edwin,Stewart,57,healthcare
Maria,Mason,57,healthcare
Blake,Bennett,56,healthcare
Isabella,Parker,56,healthcare
Fenton,Murray,56,healthcare
Kimberly,Watson,56,healthcare
Amelia,Elliott,56,healthcare
Wilson,Harris,56,healthcare
Roland,Phillips,56,healthcare
Brad,Montgomery,56,healthcare
Patrick,Fowler,56,healthcare
Naomi,Perry,56,healthcare
Sofia,Smith,56,healthcare
Kelvin,Wright,56,healthcare
Florrie,Foster,56,healthcare
Charlotte,Fowler,56,healthcare
Rubie,Hunt,56,healthcare
James,Reed,56,healthcare
Vivian,Allen,56,healthcare
Garry,Andrews,56,healthcare
Sam,Taylor,56,healthcare
Lana,Richardson,56,healthcare
James,Watson,56,healthcare
Mike,Howard,55,healthcare
Robert,Nelson,55,healthcare
Connie,Richardson,55,healthcare
Jared,Higgins,55,healthcare
Vivian,Parker,55,healthcare
Deanna,Kelley,55,healthcare
Mike,Hawkins,55,healthcare
Alina,Richards,54,healthcare
Oliver,Williams,54,healthcare
Arianna,Spencer,54,healthcare
Sofia,Brown,54,healthcare
Annabella,Owens,54,healthcare
Jordan,Jones,54,healthcare
Antony,Wilson,54,healthcare
Briony,Wright,54,healthcare
Frederick,Reed,54,healthcare
Sofia,Hill,54,healthcare
Michael,Alexander,54,healthcare
Alexia,Wright,53,healthcare
Ted,Russell,53,healthcare
Fenton,Andrews,53,healthcare
Melissa,Miller,53,healthcare
Florrie,Dixon,53,healthcare
Carlos,Douglas,53,healthcare
Walter,Jones,53,healthcare
Lana,Payne,53,healthcare
Camila,Wilson,53,healthcare
Kevin,Harrison,53,healthcare
Emma,Fowler,53,healthcare
Arnold,Allen,53,healthcare
Fiona,Casey,52,healthcare
Roman,Miller,52,healthcare
Patrick,Wells,52,healthcare
Reid,Ryan,52,healthcare
Samantha,Owens,52,healthcare
Alissa,Douglas,52,healthcare
Owen,Rogers,52,healthcare
Alina,Evans,52,healthcare
Lyndon,Howard,52,healthcare
Ned,Mitchell,52,healthcare
Paul,Gray,52,healthcare
Tyler,Cooper,52,healthcare
Naomi,Craig,52,healthcare
Adison,Davis,51,healthcare
Adrianna,Armstrong,51,healthcare
Alen,Smith,51,healthcare
Martin,West,51,healthcare
Maddie,Lloyd,51,healthcare
Belinda,Martin,51,healthcare
Caroline,Clark,51,healthcare
Fenton,Hawkins,51,healthcare
Maria,Holmes,51,healthcare
Belinda,Hawkins,51,healthcare
Tara,Richards,51,healthcare
Nicole,Clark,50,healthcare
Adelaide,Barnes,50,healthcare
Rebecca,Murray,50,healthcare
Arnold,Tucker,50,healthcare
Justin,Dixon,50,healthcare
Emily,Stevens,50,healthcare
Ellia,Morris,50,healthcare
Edgar,Mason,50,healthcare
Andrew,Dixon,50,healthcare
Clark,Harris,50,healthcare
Alen,Cole,50,healthcare
Rosie,Stewart,50,healthcare
Adrianna,Riley,50,healthcare
Lydia,Brown,50,healthcare
Gianna,Howard,49,healthcare
Arthur,Andrews,49,healthcare
Miller,West,49,healthcare
Dominik,Higgins,49,healthcare
David,Thompson,49,healthcare
Paige,Murphy,49,healthcare
Aida,Baker,49,healthcare
Daryl,Mason,49,healthcare
John,Nelson,49,healthcare
Abraham,Warren,49,healthcare
Jessica,Roberts,49,healthcare
Alan,Montgomery,49,healthcare
Dominik,Hunt,49,healthcare
Lucy,Alexander,49,healthcare
Jacob,Johnson,49,healthcare
Myra,Cole,49,healthcare
Michelle,Ross,48,healthcare
Edith,Elliott,48,healthcare
Abigail,Armstrong,48,healthcare
Audrey,Stewart,48,healthcare
Alisa,Stewart,48,healthcare
Daniel,Richardson,48,healthcare
Arianna,Baker,48,healthcare
Melanie,Moore,48,healthcare
Madaline,Murray,48,healthcare
Frederick,Ryan,48,healthcare
Emma,Owens,48,healthcare
Naomi,Bailey,48,healthcare
Justin,Tucker,48,healthcare
Lily,West,48,healthcare
Kristian,Farrell,48,healthcare
Brooke,Thompson,48,healthcare
Alissa,Fowler,48,healthcare
Kevin,Ryan,47,healthcare
Mike,Roberts,47,healthcare
Jacob,Russell,47,healthcare
Andrew,Evans,47,healthcare
Sydney,Hawkins,47,healthcare
Caroline,Johnston,47,healthcare
Aston,West,47,healthcare
Miller,Henderson,47,healthcare
Natalie,Williams,47,healthcare
Catherine,Elliott,47,healthcare
Adrianna,Alexander,47,healthcare
Deanna,Henderson,47,healthcare
Victor,Davis,47,healthcare
Aiden,Clark,47,healthcare
Julian,Andrews,47,healthcare
Alexia,Perry,47,healthcare
Camila,Evans,47,healthcare
Honey,Cunningham,47,healthcare
April,Barnes,47,healthcare
Roland,Cole,47,healthcare
Henry,Smith,46,healthcare
Naomi,Hamilton,46,healthcare
Daisy,Wells,46,healthcare
Edward,Spencer,46,healthcare
Sophia,Morrison,46,healthcare
Eddy,Perry,46,healthcare
Kate,Moore,46,healthcare
Steven,Taylor,46,healthcare
Preston,Thompson,46,healthcare
Emma,Barnes,46,healthcare
Andrew,Bennett,46,healthcare
Lucy,Cole,46,healthcare
Maddie,Perkins,46,healthcare
Anna,Gibson,46,healthcare
Sarah,Gray,45,healthcare
Kellan,Watson,45,healthcare
Owen,Kelley,45,healthcare
Lydia,Perkins,45,healthcare
Paige,Johnson,45,healthcare
Sabrina,Payne,45,healthcare
James,Armstrong,45,healthcare
Melissa,Bennett,45,healthcare
Kristian,Williams,45,healthcare
Chloe,Craig,45,healthcare
Michelle,Craig,45,healthcare
Arnold,Grant,45,healthcare
Amy,Gray,45,healthcare
Daryl,Owens,45,healthcare
Walter,Gibson,45,healthcare
Oscar,Tucker,45,healthcare
Rafael,Anderson,45,healthcare
Emma,Ellis,45,healthcare
Ned,Williams,44,healthcare
Arianna,Anderson,44,healthcare
Preston,Baker,44,healthcare
Fiona,Foster,44,healthcare
Eddy,Morgan,44,healthcare
Michael,Hunt,44,healthcare
Arthur,Dixon,44,healthcare
Michelle,Warren,44,healthcare
Belinda,Payne,44,healthcare
Agata,Andrews,44,healthcare
Martin,Perry,44,healthcare
Arianna,Myers,44,healthcare
Kristian,Richardson,44,healthcare
Lenny,Davis,44,healthcare
Brianna,Carter,44,healthcare
Luke,Morris,44,healthcare
Daryl,Spencer,44,healthcare
Chelsea,Richardson,44,healthcare
Myra,Sullivan,43,healthcare
Hailey,Thompson,43,healthcare
Hailey,Harrison,43,healthcare
Arnold,Ferguson,43,healthcare
Owen,Williams,43,healthcare
Charlie,Carroll,43,healthcare
Rosie,Warren,43,healthcare
Alissa,Johnston,43,healthcare
Miley,Henderson,43,healthcare
Lucy,Ellis,43,healthcare
Sienna,Stevens,43,healthcare
Edward,Cooper,43,healthcare
Camila,Chapman,43,healthcare
Aldus,Howard,43,healthcare
Tara,Grant,43,healthcare
Ellia,Harris,43,healthcare
Vincent,Scott,43,healthcare
Arthur,Farrell,43,healthcare
Naomi,Taylor,43,healthcare
Oscar,Richards,43,healthcare
Ada,Walker,43,healthcare
Valeria,Cameron,43,healthcare
Connie,Carter,42,healthcare
Steven,Walker,42,healthcare
Daryl,Alexander,42,healthcare
Dainton,Scott,42,healthcare
Aida,Brooks,42,healthcare
Lilianna,Murphy,42,healthcare
Alford,Evans,42,healthcare
Oliver,Holmes,42,healthcare
Adele,West,42,healthcare
Stuart,Riley,42,healthcare
Naomi,Russell,42,healthcare
Ellia,Casey,42,healthcare
Arnold,Ryan,41,healthcare
Victor,Farrell,41,healthcare
Adison,Gray,41,healthcare
Penelope,Armstrong,41,healthcare
Martin,Martin,41,healthcare
Daryl,Holmes,41,healthcare
Adelaide,Moore,41,healthcare
Carlos,Richards,41,healthcare
Cadie,Cunningham,41,healthcare
Carl,Hall,41,healthcare
Martin,Rogers,41,healthcare
Kimberly,Spencer,41,healthcare
Kimberly,Edwards,41,healthcare
Mary,Lloyd,41,healthcare
Arthur,Wright,41,healthcare
Maria,Johnston,41,healthcare
Robert,Tucker,41,healthcare
Ryan,Smith,41,healthcare
Isabella,Murphy,41,healthcare
James,Kelly,41,healthcare
Chester,Foster,41,healthcare
Amanda,Henderson,41,healthcare
Carina,Morris,41,healthcare
Jessica,Payne,41,healthcare
Sophia,Douglas,41,healthcare
Tiana,Payne,40,healthcare
Alexia,Hall,40,healthcare
Max,Ryan,40,healthcare
Alexander,Watson,40,healthcare
Ada,Barnes,40,healthcare
Cadie,Ryan,40,healthcare
Patrick,Clark,40,healthcare
Maximilian,Watson,40,healthcare
Max,Hamilton,40,healthcare
Miller,Higgins,40,healthcare
Adam,Casey,40,healthcare
Samantha,Smith,40,healthcare
Jessica,Moore,40,healthcare
Vincent,Bailey,39,healthcare
Kate,Walker,39,healthcare
Julian,Davis,39,healthcare
Alisa,Farrell,39,healthcare
Frederick,Cole,39,healthcare
Eddy,West,39,healthcare
Daryl,Grant,39,healthcare
Wilson,Brooks,39,healthcare
Thomas,Robinson,39,healthcare
Chloe,Ferguson,39,healthcare
Mike,Casey,39,healthcare
Carina,Ryan,39,healthcare
Sam,Johnston,39,healthcare
Sophia,Riley,39,healthcare
James,Dixon,39,healthcare
Byron,Thompson,39,healthcare
Daryl,Turner,39,healthcare
Florrie,Johnson,39,healthcare
Adison,Anderson,39,healthcare
Byron,Wilson,38,healthcare
Edith,Johnston,38,healthcare
Jared,Barnes,38,healthcare
Joyce,Foster,38,healthcare
Paul,Kelley,38,healthcare
Michael,Cameron,38,healthcare
Maya,Alexander,38,healthcare
Frederick,Richards,38,healthcare
Jacob,Harper,38,healthcare
Aston,Myers,38,healthcare
Mike,Myers,38,healthcare
Kevin,Gibson,38,healthcare
Ryan,Foster,38,healthcare
Joyce,Anderson,38,healthcare
Belinda,Barrett,38,healthcare
George,Johnson,38,healthcare
Dominik,Smith,38,healthcare
Samantha,Robinson,37,healthcare
Julian,Brooks,37,healthcare
Robert,Bennett,37,healthcare
Savana,Gray,37,healthcare
Rubie,Reed,37,healthcare
Carlos,Grant,37,healthcare
William,Martin,37,healthcare
Briony,Ellis,37,healthcare
Frederick,Morgan,37,healthcare
Amber,Foster,37,healthcare
Caroline,Harrison,37,healthcare
Freddie,Allen,37,healthcare
Ryan,Morris,37,healthcare
Amber,Sullivan,37,healthcare
Belinda,Stevens,36,healthcare
Nicole,Farrell,36,healthcare
Caroline,Wells,36,healthcare
Miller,Murray,36,healthcare
Sabrina,Murphy,36,healthcare
Miller,Brown,36,healthcare
Alberta,Tucker,36,healthcare
Tony,Montgomery,36,healthcare
Melissa,Crawford,36,healthcare
Edward,Tucker,36,healthcare
Alina,Clark,36,healthcare
Dominik,Gibson,36,healthcare
Daniel,Harris,36,healthcare
Victoria,Hill,36,healthcare
Kimberly,Walker,36,healthcare
Derek,Murray,36,healthcare
Camila,Mason,36,healthcare
Harold,Wells,36,healthcare
Richard,Bailey,36,healthcare
Arnold,Murphy,36,healthcare
Stuart,Turner,36,healthcare
Edwin,Tucker,36,healthcare
Reid,Reed,36,healthcare
Kate,Turner,36,healthcare
Brad,Russell,36,healthcare
Tess,Cole,35,healthcare
Rebecca,Sullivan,35,healthcare
Eleanor,Walker,35,healthcare
Edith,Reed,35,healthcare
Leonardo,Taylor,35,healthcare
Alexia,Carter,35,healthcare
Amy,Cooper,35,healthcare
Jasmine,Sullivan,35,healthcare
Ryan,Douglas,35,healthcare
Sydney,Ellis,35,healthcare
Michael,Scott,35,healthcare
Alford,Walker,35,healthcare
Charlotte,Gray,35,healthcare
Victoria,Martin,35,healthcare
Charlie,Warren,35,healthcare
Byron,Wells,34,healthcare
Tara,Ryan,34,healthcare
Lily,Harper,34,healthcare
Abigail,Casey,34,healthcare
Brad,Crawford,34,healthcare
Amy,Evans,34,healthcare
Abigail,Fowler,34,healthcare
Adam,Tucker,34,healthcare
Kellan,Russell,34,healthcare
Lenny,Myers,34,healthcare
Heather,Kelly,34,healthcare
Jessica,Wells,34,healthcare
Luke,Murphy,34,healthcare
Brad,Rogers,34,healthcare
Lyndon,Stewart,34,healthcare
Eleanor,Stevens,33,healthcare
Daryl,Lloyd,33,healthcare
Dale,Richards,33,healthcare
Rubie,Riley,33,healthcare
Aston,Davis,33,healthcare
Carina,Parker,33,healthcare
Agata,Mitchell,33,healthcare
Victor,Baker,33,healthcare
Alan,Morrison,33,healthcare
Joyce,Cole,33,healthcare
Agata,Campbell,33,healthcare
Lydia,Elliott,33,healthcare
Anna,Hunt,33,healthcare
Adrian,Warren,33,healthcare
Ned,Barnes,33,healthcare
John,Elliott,33,healthcare
Nicholas,Phillips,33,healthcare
Catherine,Ellis,33,healthcare
Kirsten,Cunningham,33,healthcare
Sawyer,Johnson,33,healthcare
Cadie,Cameron,33,healthcare
Reid,Higgins,33,healthcare
Cadie,Johnson,33,healthcare
Samantha,Richards,33,healthcare
April,Bailey,33,healthcare
Briony,Edwards,33,healthcare
Kellan,Ryan,32,healthcare
Harold,Johnson,32,healthcare
Alfred,Dixon,32,healthcare
Ada,Clark,32,healthcare
Martin,Watson,32,healthcare
Joyce,Farrell,32,healthcare
Alfred,Evans,32,healthcare
Brooke,Henderson,32,healthcare
Lucas,Roberts,32,healthcare
Rosie,Nelson,32,healthcare
Daniel,Martin,32,healthcare
Aldus,Campbell,32,healthcare
Eleanor,Phillips,32,healthcare
Sam,Roberts,32,healthcare
Vivian,Kelley,32,healthcare
Antony,Clark,32,healthcare
Belinda,Holmes,32,healthcare
Lucas,Walker,32,healthcare
Sydney,Brown,32,healthcare
Audrey,Carroll,31,healthcare
Lenny,Gibson,31,healthcare
Brad,Jones,31,healthcare
Edith,Andrews,31,healthcare
Daisy,Allen,31,healthcare
Alberta,Hawkins,31,healthcare
Miley,Ross,31,healthcare
Stella,Hunt,31,healthcare
Max,Thomas,31,healthcare
Miley,Alexander,31,healthcare
Tony,Warren,31,healthcare
Rafael,Craig,31,healthcare
David,Lloyd,31,healthcare
Julia,Myers,31,healthcare
Aston,Sullivan,31,healthcare
Amelia,Mason,31,healthcare
Aston,Tucker,31,healthcare
Freddie,Warren,31,healthcare
Clark,Riley,31,healthcare
Madaline,Douglas,31,healthcare
Jack,Miller,31,healthcare
Owen,Watson,31,healthcare
Edward,Murray,31,healthcare
Alberta,Higgins,31,healthcare
Dainton,Anderson,30,healthcare
Brad,Kelley,30,healthcare
Henry,Payne,30,healthcare
Alan,West,30,healthcare
Arianna,Grant,30,healthcare
Tony,Thomas,30,healthcare
Fenton,Hill,30,healthcare
Leonardo,Kelley,30,healthcare
Vivian,Crawford,30,healthcare
Roman,Thomas,30,healthcare
Aldus,Crawford,30,healthcare
Elian,Grant,30,healthcare
Tony,Scott,29,healthcare
Edgar,Allen,29,healthcare
Lana,Fowler,29,healthcare
Chester,Thomas,29,healthcare
Sarah,Grant,29,healthcare
Caroline,Elliott,29,healthcare
Miley,Reed,29,healthcare
Derek,Parker,29,healthcare
John,Hawkins,29,healthcare
Amanda,Russell,29,healthcare
Alfred,Hamilton,29,healthcare
Ryan,Armstrong,29,healthcare
Reid,Crawford,29,healthcare
Isabella,Gibson,29,healthcare
Frederick,Robinson,29,healthcare
Olivia,Hill,29,healthcare
Adison,Scott,29,healthcare
Adele,Andrews,29,healthcare
Fiona,Reed,29,healthcare
Amy,Robinson,28,healthcare
Caroline,Higgins,28,healthcare
Albert,Kelly,28,healthcare
Jenna,Brooks,28,healthcare
Nicole,Payne,28,healthcare
Arthur,Perry,28,healthcare
Amber,Douglas,28,healthcare
Stella,Russell,28,healthcare
Naomi,Carroll,28,healthcare
Stuart,Mason,28,healthcare
Audrey,Martin,28,healthcare
Aldus,Stevens,28,healthcare
Oliver,Cameron,28,healthcare
Chelsea,Hall,28,healthcare
Sabrina,Reed,28,healthcare
Brad,Cameron,28,healthcare
Chelsea,Chapman,28,healthcare
Abigail,Howard,28,healthcare
Alexander,Spencer,28,healthcare
Rosie,Cooper,28,healthcare
Kate,Morrison,28,healthcare
Elise,Holmes,27,healthcare
Darcy,Edwards,27,healthcare
Rebecca,Wells,27,healthcare
Chester,Hall,27,healthcare
Sawyer,Baker,27,healthcare
Victoria,Myers,27,healthcare
Florrie,Higgins,27,healthcare
Alexander,Casey,27,healthcare
Fiona,Morris,27,healthcare
Aida,Walker,27,healthcare
William,Sullivan,27,healthcare
Michelle,Thomas,27,healthcare
Oliver,Riley,27,healthcare
Florrie,Walker,27,healthcare
Carlos,Fowler,26,healthcare
Charlie,Brooks,26,healthcare
Anna,Howard,26,healthcare
Jack,Douglas,26,healthcare
Andrew,Parker,26,healthcare
Jared,Ross,26,healthcare
Maya,Moore,26,healthcare
Brad,Bailey,26,healthcare
Anna,Murray,26,healthcare
Kirsten,Perkins,26,healthcare
Melissa,Farrell,26,healthcare
Emily,Wright,26,healthcare
Lucas,Elliott,25,healthcare
Ted,Gibson,25,healthcare
Thomas,Harrison,25,healthcare
Dale,Holmes,25,healthcare
Sophia,Murray,25,healthcare
Justin,Andrews,25,healthcare
Max,Kelly,25,healthcare
Lilianna,Clark,25,healthcare
Camila,Foster,25,healthcare
Evelyn,Morrison,25,healthcare
Andrew,Holmes,24,healthcare
Henry,Douglas,24,healthcare
Maya,Perry,24,healthcare
Penelope,Edwards,24,healthcare
Maddie,Harris,24,healthcare
Ted,Richards,24,healthcare
Adrian,Murphy,24,healthcare
Ted,Hawkins,24,healthcare
Sam,Robinson,24,healthcare
Kellan,Gray,24,healthcare
Alina,Martin,24,healthcare
Roland,Wells,24,healthcare
Catherine,Morris,24,healthcare
Rebecca,Baker,24,healthcare
Victoria,Grant,24,healthcare
Adelaide,Ross,24,healthcare
Andrew,Adams,24,healthcare
Andrew,Crawford,24,healthcare
Rebecca,Rogers,23,healthcare
Preston,Johnson,23,healthcare
Julian,Perkins,23,healthcare
Roland,Russell,23,healthcare
Maddie,Hill,23,healthcare
Lucas,Mason,23,healthcare
Thomas,Walker,23,healthcare
Lucas,Johnson,23,healthcare
Clark,Moore,23,healthcare
Kelvin,Evans,23,healthcare
Henry,Warren,23,healthcare
Chelsea,Phillips,23,healthcare
Tiana,Richards,23,healthcare
Brad,Roberts,23,healthcare
Julia,Carter,22,healthcare
James,Riley,22,healthcare
Tara,Henderson,22,healthcare
William,Robinson,22,healthcare
Ned,Spencer,21,healthcare
Alberta,Dixon,21,healthcare
Dainton,Perkins,21,healthcare
Sarah,Harper,21,healthcare
Oscar,Crawford,21,healthcare
Edgar,Johnson,21,healthcare
Isabella,Cooper,21,healthcare
Garry,Casey,21,healthcare
Tara,Anderson,21,healthcare
Sabrina,Barnes,21,healthcare
Oscar,Parker,20,healthcare
Eddy,Allen,20,healthcare
Emma,Edwards,20,healthcare
Elise,Kelly,20,healthcare
Briony,Cole,20,healthcare
Aida,Harris,19,healthcare
Harold,Hall,19,healthcare
Justin,Campbell,19,healthcare
Heather,Brown,19,healthcare
Deanna,Carter,19,healthcare
Blake,Johnson,19,healthcare
Clark,Anderson,18,healthcare
Bruce,Thomas,18,healthcare
Maria,Baker,18,healthcare
Lyndon,Hill,18,healthcare
Freddie,Scott,18,healthcare
Adele,Johnson,18,healthcare
Preston,Farrell,18,healthcare
Daryl,Taylor,18,healthcare
Florrie,Hall,18,healthcare
Brianna,Scott,18,healthcare
Anna,Baker,18,healthcare
Alford,Barrett,18,healthcare
Clark,Chapman,18,healthcare
Adrianna,Cooper,18,healthcare
Emma,Armstrong,18,healthcare
Briony,Smith,17,healthcare
Sienna,Ellis,17,healthcare
Alisa,Barnes,16,healthcare
Michelle,Roberts,16,healthcare
Kelsey,Elliott,16,healthcare
Kristian,Morgan,16,healthcare
Catherine,Kelly,15,healthcare
Lana,Russell,15,healthcare
Arianna,Craig,15,healthcare
Blake,Baker,15,healthcare
Albert,Barnes,14,healthcare
Lenny,Moore,14,healthcare
Marcus,Harper,14,healthcare
Wilson,Warren,14,healthcare
Ryan,Harrison,14,healthcare
Connie,Ryan,14,healthcare
Caroline,Parker,14,healthcare
Kelsey,Kelly,14,healthcare
Mary,Hawkins,14,healthcare
Catherine,Tucker,12,healthcare
Tiana,Kelly,12,healthcare
Abigail,Chapman,12,healthcare
Dexter,Allen,11,healthcare
David,Farrell,11,healthcare
Ryan,Adams,11,healthcare
Lydia,Martin,11,healthcare
Roman,Hawkins,11,healthcare
Derek,Harris,11,healthcare
Briony,West,11,healthcare
Lyndon,Holmes,11,healthcare
Steven,Morris,11,healthcare
Sophia,Richards,11,healthcare
Miller,Anderson,11,healthcare
Rubie,Hall,11,healthcare
Agata,Bailey,11,healthcare
Carl,Nelson,11,healthcare
Amanda,Stewart,10,healthcare
Daisy,Crawford,10,healthcare
Tony,Johnson,10,healthcare
Wilson,Murray,10,healthcare
Abigail,Carter,9,healthcare
Frederick,Warren,9,healthcare
Edward,Watson,9,healthcare
Valeria,Gibson,9,healthcare
Ada,Brown,9,healthcare
Myra,Lloyd,9,healthcare
Dale,Martin,9,healthcare
Kate,Casey,7,healthcare
Alexia,Hunt,7,healthcare
Kelsey,Owens,7,healthcare
Agata,Farrell,7,healthcare
Maddie,Moore,7,healthcare
Nicole,Brown,6,healthcare
Julian,Harris,6,healthcare
Adele,Tucker,6,healthcare
William,Wells,6,healthcare
Sofia,Rogers,6,healthcare
Reid,Henderson,6,healthcare
Walter,Perry,6,healthcare
Abigail,Campbell,6,healthcare
Arthur,Russell,6,healthcare
Jasmine,Watson,6,healthcare
James,Walker,6,healthcare
Sam,Reed,6,healthcare
Rafael,Moore,5,healthcare
Carl,Kelley,5,healthcare
Vanessa,Morgan,5,healthcare
Alexander,Perry,5,healthcare
Tony,Evans,5,healthcare
Alisa,Craig,5,healthcare
Eleanor,Anderson,5,healthcare
Myra,Henderson,5,healthcare
Paul,Baker,5,healthcare
Brooke,Hawkins,5,healthcare
Olivia,Sullivan,5,healthcare
Heather,Adams,5,healthcare
Sydney,Cooper,5,healthcare
Preston,Spencer,5,healthcare
Derek,Ellis,5,healthcare
